{
    "name": "bottle",
    "X_WB": [
        [
            -0.6074160933494568,
            -0.794222891330719,
            0.015989961102604866,
            0.1201535239815712
        ],
        [
            -0.7943520545959473,
            0.607088565826416,
            -0.02117357961833477,
            0.17251555621623993
        ],
        [
            0.00710922060534358,
            -0.02556283213198185,
            -0.9996479153633118,
            0.04005158692598343
        ],
        [
            0.0,
            0.0,
            0.0,
            1.0
        ]
    ],
    "gaussians": {
        "means": [
            [
                -0.0016731307257453754,
                0.0024002582687924073,
                -0.0012475756201657112
            ],
            [
                -0.00034402043264447624,
                -0.01612280509695046,
                0.0024669531453033466
            ],
            [
                0.002150782335770346,
                0.03657337924013948,
                0.016085798780201457
            ],
            [
                -0.009839777022574714,
                0.023473132654838233,
                0.0017339955200569995
            ],
            [
                -0.023891614807083073,
                0.00010473777745977769,
                0.004464515024759891
            ]
        ],
        "quats": [
            [
                0.32906591198228846,
                -0.11856458217395066,
                0.9368309255967667,
                -0.00242533929314253
            ],
            [
                -0.15333411442303244,
                0.8333444727261677,
                -0.4628628643750754,
                0.26035285270830116
            ],
            [
                0.3255022731245624,
                -0.6244893783486798,
                0.7074610356146632,
                -0.05966715685743874
            ],
            [
                0.1843422831651124,
                -0.026940071138942475,
                0.9660781377880481,
                0.17884402951309153
            ],
            [
                -0.08211084328751173,
                -0.15417342132343756,
                0.9840084864025693,
                0.034866377210199265
            ]
        ],
        "scales": [
            [
                0.011858430691063404,
                0.011999999172985554,
                0.0029999997932463884
            ],
            [
                0.011999999172985554,
                0.010632773861289024,
                0.0029999997932463884
            ],
            [
                0.011999999172985554,
                0.011999999172985554,
                0.0029999997932463884
            ],
            [
                0.011679945513606071,
                0.011999999172985554,
                0.005052287131547928
            ],
            [
                0.004735548514872789,
                0.011999999172985554,
                0.006494160741567612
            ]
        ],
        "opacities": [
            0.7328601479530334,
            0.7299269437789917,
            0.7029844522476196,
            0.7208027243614197,
            0.7133805155754089
        ],
        "colors": [
            [
                0.052808843553066254,
                0.05787796899676323,
                0.23203882575035095
            ],
            [
                0.07047700136899948,
                0.037062402814626694,
                0.14652222394943237
            ],
            [
                0.16336214542388916,
                0.052157673984766006,
                0.05113924294710159
            ],
            [
                0.13756951689720154,
                0.04131871089339256,
                0.021816616877913475
            ],
            [
                0.04623349756002426,
                0.041042301803827286,
                0.17843522131443024
            ]
        ]
    },
    "particles": {
        "means": [
            [
                0.0012172489383766028,
                -0.008551507010403067,
                -0.005339032574689123
            ],
            [
                -0.004395197979548515,
                -0.030196583547276334,
                0.0002601401198592812
            ],
            [
                0.006663770832769589,
                -0.02834197188333476,
                0.004578118128925446
            ],
            [
                0.0017141189303116477,
                -0.03928417853483428,
                0.005199988745684642
            ],
            [
                0.012911218037929328,
                0.006140510180901393,
                0.005244138942264623
            ],
            [
                0.023981090490329926,
                0.0012478573166048793,
                0.005339031717880208
            ],
            [
                -0.0057872554159283385,
                0.0013657953457520897,
                -0.0039000959713483413
            ],
            [
                0.0033716574622361106,
                -0.0010417447149244502,
                0.003776846770834591
            ],
            [
                0.014294193289310503,
                -0.005865481375063736,
                0.005276411253453933
            ],
            [
                -0.01539841804695602,
                -0.005869785608145592,
                -0.0038427520647641156
            ],
            [
                -0.006357400469663321,
                -0.007986018730867343,
                0.003804571913137822
            ],
            [
                0.004531057682700457,
                -0.012920942119349021,
                0.005255403344980564
            ],
            [
                -0.01639781413179406,
                -0.01471583823713521,
                0.004253053718268451
            ],
            [
                -0.005505845813865595,
                -0.01960697628916925,
                0.005298334827219503
            ],
            [
                -0.015045786963173546,
                -0.02672526373255845,
                0.005035451981335426
            ],
            [
                0.014976345452861084,
                0.023559604900482353,
                0.0052637323335986
            ],
            [
                0.005625697448066791,
                0.0158858420568449,
                0.003544422067362607
            ],
            [
                -0.007902545308099335,
                0.013536827111870396,
                -0.004467098562015881
            ],
            [
                -0.0037673419918372586,
                0.008428719488886141,
                0.0053312205643694655
            ],
            [
                -0.01707060551787007,
                0.006070749194727408,
                -0.004708582462308208
            ],
            [
                -0.013409518029397272,
                0.001247858622467457,
                0.005339031691650564
            ],
            [
                -0.023604964633629794,
                -0.0051018297589558795,
                0.004948937363148914
            ],
            [
                0.024564448310012865,
                0.03856443565708812,
                0.005339031741089351
            ],
            [
                0.0013143074479216588,
                0.03928418217999015,
                0.005174495992264189
            ],
            [
                0.012852455270473878,
                0.03552811239526358,
                0.00526566381183817
            ],
            [
                -0.006852529165515764,
                0.031203213999986892,
                0.0012702465889052605
            ],
            [
                0.0038213509489466446,
                0.027619824895169884,
                0.005285328251571811
            ],
            [
                -0.01521036104177359,
                0.02283432496614106,
                -0.001425364226049733
            ],
            [
