{
    "name": "tomato",
    "X_WB": [
        [
            -0.8517428636550903,
            0.5235920548439026,
            0.01963275857269764,
            -0.04428684711456299
        ],
        [
            0.5233516693115234,
            0.8519615530967712,
            -0.016263741999864578,
            0.1618274450302124
        ],
        [
            -0.025241922587156296,
            -0.0035776887089014053,
            -0.9996749758720398,
            0.031805749982595444
        ],
        [
            0.0,
            0.0,
            0.0,
            1.0
        ]
    ],
    "gaussians": {
        "means": [
            [
                -0.005620316104154366,
                0.003010345296384595,
                0.006397552623442493
            ]
        ],
        "quats": [
            [
                -0.10503821789444627,
                0.44586777334190164,
                0.8387923754390094,
                0.29427241186029857
            ]
        ],
        "scales": [
            [
                0.010749858804047108,
                0.011999999172985554,
                0.011999999172985554
            ]
        ],
        "opacities": [
            0.6949310898780823
        ],
        "colors": [
            [
                0.08051817119121552,
                0.09649438410997391,
                0.9797998070716858
            ]
        ]
    },
    "particles": {
        "means": [
            [
                0.013128844732259254,
                0.004592174977115532,
                2.4447300691482488e-6
            ],
            [
                -0.003893221729719995,
                0.003133120605853218,
                -2.4413859734395693e-6
            ],
            [
                0.005345064370460451,
                -0.004592176518107255,
                2.4447387731926784e-6
            ],
            [
                -0.013128843733933304,
                -0.004592176232277825,
                2.4447472992406016e-6
            ]
        ],
        "quats": [
            [
                1.0,
                0.0,
                0.0,
                0.0
            ],
            [
                1.0,
                0.0,
                0.0,
                0.0
            ],
            [
                1.0,
                0.0,
                0.0,
                0.0
            ],
            [
                1.0,
                0.0,
                0.0,
                0.0
            ]
        ],
        "radii": [
            0.005999999586492777,
            0.005999999586492777,
            0.005999999586492777,
            0.005999999586492777
        ],
        "colors": [
            [
                0.04941161349415779,
                0.1276015341281891,
                0.9790021181106567
            ],
            [
                0.0496421679854393,
                0.09506379812955856,
                0.9755738377571106
            ],
            [
                0.132337749004364,
                0.17874231934547424,
                0.9658790230751038
            ],
            [
                0.06343010812997818,
                0.08202085644006729,
                0.9722573161125183
            ]
        ]
    }
}