{
    "1": {
        "X_WT": [
            [
                0.7532483638860651,
                0.45078090146810174,
                -0.478971273851127,
                -0.6330050180706196
            ],
            [
                0.657137778784175,
                -0.5468269906595836,
                0.5187968600336593,
                0.45155385306343276
            ],
            [
                -0.028050704047605603,
                -0.7055330050095383,
                -0.7081216963521486,
                -0.7042012820653337
            ],
            [
                0.0,
                0.0,
                0.0,
                1.0
            ]
        ]
    },
    "2": {
        "X_WT": [
            [
                0.9886996226800769,
                -0.11095847903357932,
                0.10080313508432365,
                0.20834780274666811
            ],
            [
                -0.1498223989632923,
                -0.7083685118626565,
                0.6897588710341966,
                0.8745946403170168
            ],
            [
                -0.00512882843910056,
                -0.6970669030531,
                -0.7169877459111851,
                -0.6472491201776975
            ],
            [
                0.0,
                0.0,
                0.0,
                1.0
            ]
        ]
    },
    "3": {
        "X_WT": [
            [
                0.154741373902224,
                -0.7142342135138923,
                0.6825866944564947,
                1.0009853228939316
            ],
            [
                -0.9876061295157963,
                -0.09346970509613794,
                0.12608547565865566,
                0.2373331957365171
            ],
            [
                -0.026253383509188738,
                -0.6936374431036959,
                -0.7198457177610258,
                -0.6637576693089575
            ],
            [
                0.0,
                0.0,
                0.0,
                1.0
            ]
        ]
    },
    "4": {
        "X_WT": [
            [
                0.6861764128595792,
                -0.5288916882839424,
                0.4994351934929309,
                0.8596795124411275
            ],
            [
                -0.7270985047205755,
                -0.4777771408558806,
                0.4930078783434229,
                0.392983016425142
            ],
            [
                -0.022129050324481484,
                -0.7014289598667433,
                -0.7123957603691891,
                -0.7117251234712426
            ],
            [
                0.0,
                0.0,
                0.0,
                1.0
            ]
        ]
    },
    "5": {
        "X_WT": [
            [
                0.9998990934211652,
                -0.006867389595774318,
                -0.01243551107401053,
                0.16021292329249878
            ],
            [
                0.0036168764072369054,
                -0.7234673787281412,
                0.6903490929387008,
                0.8318927949299979
            ],
            [
                -0.013737582778158642,
                -0.6903244098801462,
                -0.7233695376106469,
                -0.7188516696259797
            ],
            [
                0.0,
                0.0,
                0.0,
                1.0
            ]
        ]
    }
}