{
    "1": {
        "X_WT": [
            [
                0.9998472422700745,
                -0.00043529436637183594,
                -0.01747291171331625,
                0.15730435378064142
            ],
            [
                0.011753348067432591,
                -0.7231660090496647,
                0.690574240878116,
                0.8302026084984865
            ],
            [
                -0.012936418906811803,
                -0.6906741155378526,
                -0.723050423685563,
                -0.7187097262090988
            ],
            [
                0.0,
                0.0,
                0.0,
                1.0
            ]
        ]
    },
    "2": {
        "X_WT": [
            [
                0.4331239804789433,
                0.6262185085360892,
                -0.6482700032400944,
                -0.6560986047562352
            ],
            [
                0.9009095060802742,
                -0.3228593891984239,
                0.2900411637347659,
                0.40617499227109854
            ],
            [
                -0.0276709123137004,
                -0.7096563917652378,
                -0.7040043510081957,
                -0.635785072765069
            ],
            [
                0.0,
                0.0,
                0.0,
                1.0
            ]
        ]
    },
    "3": {
        "X_WT": [
            [
                0.9690237992131198,
                -0.11842377851914321,
                0.21672259974405195,
                0.25300046117931124
            ],
            [
                -0.2327164213457357,
                -0.7316273046515596,
                0.6407531149548382,
                0.7447548233593128
            ],
            [
                0.08267976653695659,
                -0.6713399256483581,
                -0.7365234283007237,
                -0.6640554535596875
            ],
            [
                0.0,
                0.0,
                0.0,
                1.0
            ]
        ]
    },
    "4": {
        "X_WT": [
            [
                0.6963618679472622,
                0.4951561223795207,
                -0.5195195504878298,
                -0.7250606299182119
            ],
            [
                0.7171220710365432,
                -0.5088732812848996,
                0.47621835204725005,
                0.36034295990244664
            ],
            [
                -0.028567185742716304,
                -0.7041792371721967,
                -0.709447332671231,
                -0.6474060311460511
            ],
            [
                0.0,
                0.0,
                0.0,
                1.0
            ]
        ]
    },
    "5": {
        "X_WT": [
            [
                0.8474275814951091,
                0.36668223505148834,
                -0.38394092334497976,
                -0.35600417224797
            ],
            [
                0.526094270910073,
                -0.6771726060359069,
                0.5144531851880573,
                0.4392230127872156
            ],
            [
                -0.07135343185123821,
                -0.637950938656088,
                -0.7667641668928376,
                -0.45687619692159803
            ],
            [
                0.0,
                0.0,
                0.0,
                1.0
            ]
        ]
    },
    "6": {
        "X_WT": [
            [
                0.9971777897175894,
                0.004617054750669512,
                -0.07493422782262332,
                0.099261834177477
            ],
            [
                0.059065794232264955,
                -0.6643587389148508,
                0.7450763034610489,
                0.6882246909348316
            ],
            [
                -0.04634315101129005,
                -0.7473995911377652,
                -0.6627564888565378,
                -0.4725085646689885
            ],
            [
                0.0,
                0.0,
                0.0,
                1.0
            ]
        ]
    }
}